CO_POSICAO;SG_AREA;CO_ITEM;TX_GABARITO;CO_HABILIDADE;IN_ITEM_ABAN;TX_MOTIVO_ABAN;NU_PARAM_A;NU_PARAM_B;NU_PARAM_C;TX_COR;CO_PROVA;TP_LINGUA
1;CH;7952;E;1;0;;1.625;1.122;0.177;Azul;137;
1;CH;8120;C;16;0;;2.442;0.208;0.171;Rosa;140;
1;CH;9054;C;25;0;;2.169;1.621;0.188;Amarelo;138;
1;CH;9689;A;3;0;;1.766;-0.102;0.164;Branco;139;
1;CH;9689;A;3;0;;1.766;-0.102;0.164;Branco (Ledor);154;
2;CH;8011;A;13;0;;1.568;-0.189;0.168;Branco;139;
2;CH;8011;A;13;0;;1.568;-0.189;0.168;Branco (Ledor);154;
2;CH;8450;E;26;0;;0.929;0.518;0.171;Amarelo;138;
2;CH;8454;E;27;0;;2.156;2.567;0.148;Rosa;140;
2;CH;9690;A;23;0;;2.016;0.823;0.203;Azul;137;
3;CH;7569;B;9;0;;2.851;0.683;0.133;Rosa;140;
3;CH;8503;B;9;0;;2.617;1.099;0.252;Amarelo;138;
3;CH;11047;D;24;0;;1.324;2.95;0.286;Azul;137;
3;CH;14121;B;24;0;;2.641;0.468;0.16;Branco;139;
3;CH;14121;B;24;0;;2.641;0.468;0.16;Branco (Ledor);154;
4;CH;7592;D;21;0;;2.375;1.921;0.066;Rosa;140;
4;CH;7795;D;22;0;;2.159;0.644;0.142;Branco;139;
4;CH;7795;D;22;0;;2.159;0.644;0.142;Branco (Ledor);154;
4;CH;8102;B;3;0;;2.155;0.752;0.254;Azul;137;
4;CH;14529;E;11;0;;2.383;0.003;0.167;Amarelo;138;
5;CH;7586;D;2;0;;1.493;0.705;0.146;Rosa;140;
5;CH;7589;E;12;0;;2.155;0.211;0.171;Branco;139;
5;CH;7589;E;12;0;;2.155;0.211;0.171;Branco (Ledor);154;
5;CH;7612;C;22;0;;1.272;-0.224;0.202;Amarelo;138;
5;CH;9689;A;3;0;;1.766;-0.102;0.164;Azul;137;
6;CH;7597;E;7;0;;1.253;1.64;0.267;Branco;139;
6;CH;7784;E;1;0;;1.139;1.975;0.199;Branco (Ledor);154;
6;CH;8011;A;13;0;;1.568;-0.189;0.168;Azul;137;
6;CH;8416;C;17;0;;1.147;3.067;0.244;Rosa;140;
6;CH;8451;A;29;0;;1.398;-0.295;0.15;Amarelo;138;
7;CH;7572;E;15;0;;1.194;1.197;0.222;Branco;139;
7;CH;7572;E;15;0;;1.194;1.197;0.222;Branco (Ledor);154;
7;CH;7952;E;1;0;;1.625;1.122;0.177;Amarelo;138;
7;CH;10932;D;4;0;;2.451;0.542;0.14;Rosa;140;
7;CH;14121;B;24;0;;2.641;0.468;0.16;Azul;137;
8;CH;6899;E;2;0;;2.165;0.333;0.145;Branco;139;
8;CH;6899;E;2;0;;2.165;0.333;0.145;Branco (Ledor);154;
8;CH;7795;D;22;0;;2.159;0.644;0.142;Azul;137;
8;CH;9690;A;23;0;;2.016;0.823;0.203;Amarelo;138;
8;CH;13850;A;26;0;;1.687;1.227;0.123;Rosa;140;
9;CH;6905;E;22;0;;1.336;1.262;0.122;Branco (Ledor);154;
9;CH;7952;E;1;0;;1.625;1.122;0.177;Branco;139;
9;CH;9054;C;25;0;;2.169;1.621;0.188;Azul;137;
9;CH;9101;E;4;0;;1.688;2.01;0.187;Rosa;140;
9;CH;9689;A;3;0;;1.766;-0.102;0.164;Amarelo;138;
10;CH;8011;A;13;0;;1.568;-0.189;0.168;Amarelo;138;
10;CH;8450;E;26;0;;0.929;0.518;0.171;Azul;137;
10;CH;9690;A;23;0;;2.016;0.823;0.203;Branco;139;
10;CH;9690;A;23;0;;2.016;0.823;0.203;Branco (Ledor);154;
10;CH;11449;C;23;0;;1.135;2.452;0.189;Rosa;140;
11;CH;7952;E;1;0;;1.625;1.122;0.177;Rosa;140;
11;CH;8503;B;9;0;;2.617;1.099;0.252;Azul;137;
11;CH;9054;C;25;0;;2.169;1.621;0.188;Branco;139;
11;CH;9054;C;25;0;;2.169;1.621;0.188;Branco (Ledor);154;
11;CH;14121;B;24;0;;2.641;0.468;0.16;Amarelo;138;
12;CH;7592;D;21;0;;2.375;1.921;0.066;Azul;137;
12;CH;7795;D;22;0;;2.159;0.644;0.142;Amarelo;138;
12;CH;8450;E;26;0;;0.929;0.518;0.171;Branco;139;
12;CH;8450;E;26;0;;0.929;0.518;0.171;Branco (Ledor);154;
12;CH;9690;A;23;0;;2.016;0.823;0.203;Rosa;140;
13;CH;7586;D;2;0;;1.493;0.705;0.146;Azul;137;
13;CH;8503;B;9;0;;2.617;1.099;0.252;Branco;139;
13;CH;8503;B;9;0;;2.617;1.099;0.252;Branco (Ledor);154;
13;CH;9689;A;3;0;;1.766;-0.102;0.164;Rosa;140;
13;CH;11047;D;24;0;;1.324;2.95;0.286;Amarelo;138;
14;CH;8011;A;13;0;;1.568;-0.189;0.168;Rosa;140;
14;CH;8102;B;3;0;;2.155;0.752;0.254;Amarelo;138;
14;CH;8120;C;16;0;;2.442;0.208;0.171;Branco;139;
14;CH;8120;C;16;0;;2.442;0.208;0.171;Branco (Ledor);154;
14;CH;8416;C;17;0;;1.147;3.067;0.244;Azul;137;
15;CH;7589;E;12;0;;2.155;0.211;0.171;Azul;137;
15;CH;7600;C;10;0;;1.544;0.871;0.129;Amarelo;138;
15;CH;8454;E;27;0;;2.156;2.567;0.148;Branco;139;
15;CH;8454;E;27;0;;2.156;2.567;0.148;Branco (Ledor);154;
15;CH;14121;B;24;0;;2.641;0.468;0.16;Rosa;140;
16;CH;7569;B;9;0;;2.851;0.683;0.133;Branco;139;
16;CH;7569;B;9;0;;2.851;0.683;0.133;Branco (Ledor);154;
16;CH;7597;E;7;0;;1.253;1.64;0.267;Azul;137;
16;CH;7795;D;22;0;;2.159;0.644;0.142;Rosa;140;
16;CH;13971;D;15;0;;1.157;2.747;0.271;Amarelo;138;
17;CH;7572;E;15;0;;1.194;1.197;0.222;Azul;137;
17;CH;8447;C;28;0;;2.073;1.029;0.116;Amarelo;138;
17;CH;11047;D;24;0;;1.324;2.95;0.286;Branco;139;
17;CH;11047;D;24;0;;1.324;2.95;0.286;Branco (Ledor);154;
17;CH;11047;D;24;0;;1.324;2.95;0.286;Rosa;140;
18;CH;6899;E;2;0;;2.165;0.333;0.145;Azul;137;
18;CH;8102;B;3;0;;2.155;0.752;0.254;Branco;139;
18;CH;8102;B;3;0;;2.155;0.752;0.254;Branco (Ledor);154;
18;CH;8102;B;3;0;;2.155;0.752;0.254;Rosa;140;
18;CH;14075;E;13;0;;1.136;0.806;0.162;Amarelo;138;
19;CH;7589;E;12;0;;2.155;0.211;0.171;Amarelo;138;
19;CH;7592;D;21;0;;2.375;1.921;0.066;Branco;139;
19;CH;7592;D;21;0;;2.375;1.921;0.066;Branco (Ledor);154;
19;CH;8120;C;16;0;;2.442;0.208;0.171;Azul;137;
19;CH;8452;A;27;0;;2.045;0.589;0.192;Rosa;140;
20;CH;7012;B;20;0;;1.853;1.539;0.111;Rosa;140;
20;CH;7586;D;2;0;;1.493;0.705;0.146;Branco;139;
20;CH;7586;D;2;0;;1.493;0.705;0.146;Branco (Ledor);154;
20;CH;7597;E;7;0;;1.253;1.64;0.267;Amarelo;138;
20;CH;8454;E;27;0;;2.156;2.567;0.148;Azul;137;
21;CH;7569;B;9;0;;2.851;0.683;0.133;Azul;137;
21;CH;7572;E;15;0;;1.194;1.197;0.222;Amarelo;138;
21;CH;8416;C;17;0;;1.147;3.067;0.244;Branco;139;
21;CH;8416;C;17;0;;1.147;3.067;0.244;Branco (Ledor);154;
21;CH;14192;E;28;0;;1.318;2.64;0.286;Rosa;140;
22;CH;6899;E;2;0;;2.165;0.333;0.145;Amarelo;138;
22;CH;7559;E;8;0;;0.891;2.348;0.151;Rosa;140;
22;CH;7600;C;10;0;;1.544;0.871;0.129;Azul;137;
22;CH;7600;C;10;0;;1.544;0.871;0.129;Branco;139;
22;CH;7600;C;10;0;;1.544;0.871;0.129;Branco (Ledor);154;
23;CH;8120;C;16;0;;2.442;0.208;0.171;Amarelo;138;
23;CH;13971;D;15;0;;1.157;2.747;0.271;Azul;137;
23;CH;13971;D;15;0;;1.157;2.747;0.271;Branco;139;
23;CH;13971;D;15;0;;1.157;2.747;0.271;Branco (Ledor);154;
23;CH;15288;E;18;0;;1.918;2.127;0.143;Rosa;140;
24;CH;7589;E;12;0;;2.155;0.211;0.171;Rosa;140;
24;CH;8166;A;6;0;;2.013;0.909;0.134;Azul;137;
24;CH;8454;E;27;0;;2.156;2.567;0.148;Amarelo;138;
24;CH;10932;D;4;0;;2.451;0.542;0.14;Branco;139;
24;CH;10932;D;4;0;;2.451;0.542;0.14;Branco (Ledor);154;
25;CH;7569;B;9;0;;2.851;0.683;0.133;Amarelo;138;
25;CH;7597;E;7;0;;1.253;1.64;0.267;Rosa;140;
25;CH;9218;D;1;0;;1.276;1.196;0.274;Azul;137;
25;CH;13850;A;26;0;;1.687;1.227;0.123;Branco;139;
25;CH;13850;A;26;0;;1.687;1.227;0.123;Branco (Ledor);154;
26;CH;7572;E;15;0;;1.194;1.197;0.222;Rosa;140;
26;CH;7592;D;21;0;;2.375;1.921;0.066;Amarelo;138;
26;CH;8447;C;28;0;;2.073;1.029;0.116;Azul;137;
26;CH;9101;E;4;0;;1.688;2.01;0.187;Branco;139;
26;CH;9101;E;4;0;;1.688;2.01;0.187;Branco (Ledor);154;
27;CH;6899;E;2;0;;2.165;0.333;0.145;Rosa;140;
27;CH;7586;D;2;0;;1.493;0.705;0.146;Amarelo;138;
27;CH;11449;C;23;0;;1.135;2.452;0.189;Branco;139;
27;CH;11449;C;23;0;;1.135;2.452;0.189;Branco (Ledor);154;
27;CH;14075;E;13;0;;1.136;0.806;0.162;Azul;137;
28;CH;8416;C;17;0;;1.147;3.067;0.244;Amarelo;138;
28;CH;8452;A;27;0;;2.045;0.589;0.192;Branco;139;
28;CH;8452;A;27;0;;2.045;0.589;0.192;Branco (Ledor);154;
28;CH;9054;C;25;0;;2.169;1.621;0.188;Rosa;140;
28;CH;10932;D;4;0;;2.451;0.542;0.14;Azul;137;
29;CH;7012;B;20;0;;1.853;1.539;0.111;Branco;139;
29;CH;7012;B;20;0;;1.853;1.539;0.111;Branco (Ledor);154;
29;CH;8450;E;26;0;;0.929;0.518;0.171;Rosa;140;
29;CH;11330;C;11;0;;1.225;0.043;0.191;Amarelo;138;
29;CH;13850;A;26;0;;1.687;1.227;0.123;Azul;137;
30;CH;8503;B;9;0;;2.617;1.099;0.252;Rosa;140;
30;CH;9101;E;4;0;;1.688;2.01;0.187;Azul;137;
30;CH;11559;D;5;0;;1.539;1.943;0.135;Amarelo;138;
30;CH;14192;E;28;0;;1.318;2.64;0.286;Branco;139;
30;CH;14192;E;28;0;;1.318;2.64;0.286;Branco (Ledor);154;
31;CH;7559;E;8;0;;0.891;2.348;0.151;Branco;139;
31;CH;7559;E;8;0;;0.891;2.348;0.151;Branco (Ledor);154;
31;CH;7971;A;19;0;;1.451;1.861;0.106;Amarelo;138;
31;CH;11449;C;23;0;;1.135;2.452;0.189;Azul;137;
31;CH;14529;E;11;0;;2.383;0.003;0.167;Rosa;140;
32;CH;7612;C;22;0;;1.272;-0.224;0.202;Rosa;140;
32;CH;8166;A;6;0;;2.013;0.909;0.134;Amarelo;138;
32;CH;8452;A;27;0;;2.045;0.589;0.192;Azul;137;
32;CH;15288;E;18;0;;1.918;2.127;0.143;Branco;139;
32;CH;15288;E;18;0;;1.918;2.127;0.143;Branco (Ledor);154;
33;CH;7012;B;20;0;;1.853;1.539;0.111;Azul;137;
33;CH;8451;A;29;0;;1.398;-0.295;0.15;Rosa;140;
33;CH;9218;D;1;0;;1.276;1.196;0.274;Amarelo;138;
33;CH;11330;C;11;0;;1.225;0.043;0.191;Branco;139;
33;CH;11330;C;11;0;;1.225;0.043;0.191;Branco (Ledor);154;
34;CH;7600;C;10;0;;1.544;0.871;0.129;Rosa;140;
34;CH;11559;D;5;0;;1.539;1.943;0.135;Branco;139;
34;CH;11559;D;5;0;;1.539;1.943;0.135;Branco (Ledor);154;
34;CH;12077;A;29;0;;1.126;1.082;0.154;Amarelo;138;
34;CH;14192;E;28;0;;1.318;2.64;0.286;Azul;137;
35;CH;7559;E;8;0;;0.891;2.348;0.151;Azul;137;
35;CH;7971;A;19;0;;1.451;1.861;0.106;Branco;139;
35;CH;7971;A;19;0;;1.451;1.861;0.106;Branco (Ledor);154;
35;CH;8438;E;30;0;;0.914;1;0.19;Amarelo;138;
35;CH;13971;D;15;0;;1.157;2.747;0.271;Rosa;140;
36;CH;8424;E;14;0;;2.153;1.267;0.1;Amarelo;138;
36;CH;8447;C;28;0;;2.073;1.029;0.116;Branco;139;
36;CH;8447;C;28;0;;2.073;1.029;0.116;Branco (Ledor);154;
36;CH;11330;C;11;0;;1.225;0.043;0.191;Rosa;140;
36;CH;15288;E;18;0;;1.918;2.127;0.143;Azul;137;
37;CH;8452;A;27;0;;2.045;0.589;0.192;Amarelo;138;
37;CH;11559;D;5;0;;1.539;1.943;0.135;Rosa;140;
37;CH;12077;A;29;0;;1.126;1.082;0.154;Azul;137;
37;CH;14075;E;13;0;;1.136;0.806;0.162;Branco;139;
37;CH;14075;E;13;0;;1.136;0.806;0.162;Branco (Ledor);154;
38;CH;7012;B;20;0;;1.853;1.539;0.111;Amarelo;138;
38;CH;7971;A;19;0;;1.451;1.861;0.106;Rosa;140;
38;CH;8166;A;6;0;;2.013;0.909;0.134;Branco;139;
38;CH;8438;E;30;0;;0.914;1;0.19;Azul;137;
38;CH;9878;A;8;0;;1.817;0.576;0.135;Branco (Ledor);154;
39;CH;8166;A;6;0;;2.013;0.909;0.134;Rosa;140;
39;CH;8424;E;14;0;;2.153;1.267;0.1;Azul;137;
39;CH;9218;D;1;0;;1.276;1.196;0.274;Branco;139;
39;CH;9218;D;1;0;;1.276;1.196;0.274;Branco (Ledor);154;
39;CH;14192;E;28;0;;1.318;2.64;0.286;Amarelo;138;
40;CH;7559;E;8;0;;0.891;2.348;0.151;Amarelo;138;
40;CH;9218;D;1;0;;1.276;1.196;0.274;Rosa;140;
40;CH;12077;A;29;0;;1.126;1.082;0.154;Branco;139;
40;CH;12077;A;29;0;;1.126;1.082;0.154;Branco (Ledor);154;
40;CH;14529;E;11;0;;2.383;0.003;0.167;Azul;137;
41;CH;7612;C;22;0;;1.272;-0.224;0.202;Azul;137;
41;CH;8438;E;30;0;;0.914;1;0.19;Branco;139;
41;CH;8438;E;30;0;;0.914;1;0.19;Branco (Ledor);154;
41;CH;12077;A;29;0;;1.126;1.082;0.154;Rosa;140;
41;CH;15288;E;18;0;;1.918;2.127;0.143;Amarelo;138;
42;CH;8424;E;14;0;;2.153;1.267;0.1;Branco;139;
42;CH;8424;E;14;0;;2.153;1.267;0.1;Branco (Ledor);154;
42;CH;8438;E;30;0;;0.914;1;0.19;Rosa;140;
42;CH;8451;A;29;0;;1.398;-0.295;0.15;Azul;137;
42;CH;10932;D;4;0;;2.451;0.542;0.14;Amarelo;138;
43;CH;8424;E;14;0;;2.153;1.267;0.1;Rosa;140;
43;CH;11330;C;11;0;;1.225;0.043;0.191;Azul;137;
43;CH;13850;A;26;0;;1.687;1.227;0.123;Amarelo;138;
43;CH;14529;E;11;0;;2.383;0.003;0.167;Branco;139;
43;CH;14529;E;11;0;;2.383;0.003;0.167;Branco (Ledor);154;
44;CH;7612;C;22;0;;1.272;-0.224;0.202;Branco;139;
44;CH;7612;C;22;0;;1.272;-0.224;0.202;Branco (Ledor);154;
44;CH;8447;C;28;0;;2.073;1.029;0.116;Rosa;140;
44;CH;9101;E;4;0;;1.688;2.01;0.187;Amarelo;138;
44;CH;11559;D;5;0;;1.539;1.943;0.135;Azul;137;
45;CH;7971;A;19;0;;1.451;1.861;0.106;Azul;137;
45;CH;8451;A;29;0;;1.398;-0.295;0.15;Branco;139;
45;CH;8451;A;29;0;;1.398;-0.295;0.15;Branco (Ledor);154;
45;CH;11449;C;23;0;;1.135;2.452;0.189;Amarelo;138;
45;CH;14075;E;13;0;;1.136;0.806;0.162;Rosa;140;
46;CN;7720;B;2;0;;2.088;1.096;0.072;Azul;141;
46;CN;8039;E;23;0;;1.073;-0.203;0.206;Branco;143;
46;CN;8039;E;23;0;;1.073;-0.203;0.206;Branco (Ledor);153;
46;CN;8987;D;15;0;;1.887;0.897;0.279;Rosa;144;
46;CN;10813;C;23;0;;1.738;1.226;0.145;Amarelo;142;
47;CN;7859;B;12;0;;1.532;2.288;0.184;Amarelo;142;
47;CN;10549;E;4;0;;1.589;0.266;0.101;Branco;143;
47;CN;10549;E;4;0;;1.589;0.266;0.101;Branco (Ledor);153;
47;CN;12242;D;28;0;;1.175;2.965;0.163;Rosa;144;
47;CN;13481;A;19;0;;2.718;0.371;0.172;Azul;141;
48;CN;7530;A;29;0;;3.042;0.65;0.229;Amarelo;142;
48;CN;13470;D;10;0;;1.027;-0.639;0.193;Branco;143;
48;CN;13470;D;10;0;;1.027;-0.639;0.193;Branco (Ledor);153;
48;CN;13701;A;25;0;;1.651;0.811;0.262;Rosa;144;
48;CN;14970;E;11;0;;2.232;1.766;0.215;Azul;141;
49;CN;9749;B;26;0;;3.558;1.372;0.206;Rosa;144;
49;CN;11971;B;1;0;;2.275;0.957;0.15;Amarelo;142;
49;CN;13100;B;24;0;;3.122;1.118;0.15;Azul;141;
49;CN;14952;A;19;0;;1.962;0.736;0.177;Branco;143;
49;CN;14952;A;19;0;;1.962;0.736;0.177;Branco (Ledor);153;
50;CN;7720;B;2;0;;2.088;1.096;0.072;Branco;143;
50;CN;7720;B;2;0;;2.088;1.096;0.072;Branco (Ledor);153;
50;CN;8039;E;23;0;;1.073;-0.203;0.206;Azul;141;
50;CN;11088;D;6;0;;2.214;2.17;0.068;Amarelo;142;
50;CN;13755;E;26;0;;2.226;-0.365;0.145;Rosa;144;
51;CN;8998;D;7;0;;1.425;1.592;0.201;Amarelo;142;
51;CN;10549;E;4;0;;1.589;0.266;0.101;Azul;141;
51;CN;10698;C;20;0;;1.883;0.118;0.163;Rosa;144;
51;CN;13481;A;19;0;;2.718;0.371;0.172;Branco;143;
51;CN;13481;A;19;0;;2.718;0.371;0.172;Branco (Ledor);153;
52;CN;10766;E;5;0;;1.849;2.336;0.155;Rosa;144;
52;CN;13155;A;2;0;;1.781;1.583;0.173;Amarelo;142;
52;CN;13470;D;10;0;;1.027;-0.639;0.193;Azul;141;
52;CN;14970;E;11;0;;2.232;1.766;0.215;Branco;143;
52;CN;14970;E;11;0;;2.232;1.766;0.215;Branco (Ledor);153;
53;CN;7515;B;18;0;;2.658;1.409;0.335;Branco (Ledor);153;
53;CN;7538;E;10;0;;1.511;1.598;0.2;Rosa;144;
53;CN;10925;C;17;0;;3.419;1.315;0.165;Amarelo;142;
53;CN;13100;B;24;0;;3.122;1.118;0.15;Branco;143;
53;CN;14952;A;19;0;;1.962;0.736;0.177;Azul;141;
54;CN;8039;E;23;0;;1.073;-0.203;0.206;Amarelo;142;
54;CN;10813;C;23;0;;1.738;1.226;0.145;Branco;143;
54;CN;10813;C;23;0;;1.738;1.226;0.145;Branco (Ledor);153;
54;CN;11971;B;1;0;;2.275;0.957;0.15;Azul;141;
54;CN;14982;B;22;0;;2.199;1.465;0.089;Rosa;144;
55;CN;7859;B;12;0;;1.532;2.288;0.184;Branco;143;
55;CN;7859;B;12;0;;1.532;2.288;0.184;Branco (Ledor);153;
55;CN;10549;E;4;0;;1.589;0.266;0.101;Amarelo;142;
55;CN;11088;D;6;0;;2.214;2.17;0.068;Azul;141;
55;CN;12246;E;15;0;;2.361;1.009;0.118;Rosa;144;
56;CN;7530;A;29;0;;3.042;0.65;0.229;Branco;143;
56;CN;7530;A;29;0;;3.042;0.65;0.229;Branco (Ledor);153;
56;CN;8987;D;15;0;;1.887;0.897;0.279;Azul;141;
56;CN;12466;B;25;0;;3.412;1.198;0.16;Rosa;144;
56;CN;13470;D;10;0;;1.027;-0.639;0.193;Amarelo;142;
57;CN;7520;E;18;0;;3.262;0.865;0.132;Branco;143;
57;CN;7520;E;18;0;;3.262;0.865;0.132;Branco (Ledor);153;
57;CN;10925;C;17;0;;3.419;1.315;0.165;Rosa;144;
57;CN;12242;D;28;0;;1.175;2.965;0.163;Azul;141;
57;CN;14952;A;19;0;;1.962;0.736;0.177;Amarelo;142;
58;CN;7720;B;2;0;;2.088;1.096;0.072;Amarelo;142;
58;CN;8039;E;23;0;;1.073;-0.203;0.206;Rosa;144;
58;CN;11471;E;13;0;;3.167;1.289;0.13;Branco;143;
58;CN;11471;E;13;0;;3.167;1.289;0.13;Branco (Ledor);153;
58;CN;13701;A;25;0;;1.651;0.811;0.262;Azul;141;
59;CN;9749;B;26;0;;3.558;1.372;0.206;Azul;141;
59;CN;10549;E;4;0;;1.589;0.266;0.101;Rosa;144;
59;CN;12313;A;25;0;;1.491;2.311;0.163;Branco;143;
59;CN;13481;A;19;0;;2.718;0.371;0.172;Amarelo;142;
59;CN;14987;A;25;0;;3.154;1.819;0.297;Branco (Ledor);153;
60;CN;10925;C;17;0;;3.419;1.315;0.165;Azul;141;
60;CN;11971;B;1;0;;2.275;0.957;0.15;Branco;143;
60;CN;11971;B;1;0;;2.275;0.957;0.15;Branco (Ledor);153;
60;CN;13470;D;10;0;;1.027;-0.639;0.193;Rosa;144;
60;CN;14970;E;11;0;;2.232;1.766;0.215;Amarelo;142;
61;CN;9108;D;24;0;;5.125;1.652;0.289;Branco (Ledor);153;
61;CN;10813;C;23;0;;1.738;1.226;0.145;Azul;141;
61;CN;11088;D;6;0;;2.214;2.17;0.068;Branco;143;
61;CN;13100;B;24;0;;3.122;1.118;0.15;Amarelo;142;
61;CN;14952;A;19;0;;1.962;0.736;0.177;Rosa;144;
62;CN;7520;E;18;0;;3.262;0.865;0.132;Amarelo;142;
62;CN;7521;C;6;0;;1.492;1.307;0.202;Branco (Ledor);153;
62;CN;7859;B;12;0;;1.532;2.288;0.184;Azul;141;
62;CN;11971;B;1;0;;2.275;0.957;0.15;Rosa;144;
62;CN;14165;C;18;0;;2.553;1.767;0.242;Branco;143;
63;CN;7394;D;14;0;;1.166;1.513;0.169;Branco;143;
63;CN;7394;D;14;0;;1.166;1.513;0.169;Branco (Ledor);153;
63;CN;7530;A;29;0;;3.042;0.65;0.229;Azul;141;
63;CN;11088;D;6;0;;2.214;2.17;0.068;Rosa;144;
63;CN;11471;E;13;0;;3.167;1.289;0.13;Amarelo;142;
64;CN;7520;E;18;0;;3.262;0.865;0.132;Azul;141;
64;CN;8998;D;7;0;;1.425;1.592;0.201;Rosa;144;
64;CN;12313;A;25;0;;1.491;2.311;0.163;Amarelo;142;
64;CN;13577;C;19;0;;2.555;0.753;0.161;Branco;143;
64;CN;13577;C;19;0;;2.555;0.753;0.161;Branco (Ledor);153;
65;CN;11471;E;13;0;;3.167;1.289;0.13;Azul;141;
65;CN;11473;D;27;0;;1.899;2.546;0.165;Branco;143;
65;CN;11473;D;27;0;;1.899;2.546;0.165;Branco (Ledor);153;
65;CN;13155;A;2;0;;1.781;1.583;0.173;Rosa;144;
65;CN;13755;E;26;0;;2.226;-0.365;0.145;Amarelo;142;
66;CN;7720;B;2;0;;2.088;1.096;0.072;Rosa;144;
66;CN;9400;C;20;0;;2.122;2.471;0.12;Branco (Ledor);153;
66;CN;10698;C;20;0;;1.883;0.118;0.163;Amarelo;142;
66;CN;10925;C;17;0;;3.419;1.315;0.165;Branco;143;
66;CN;12313;A;25;0;;1.491;2.311;0.163;Azul;141;
67;CN;8987;D;15;0;;1.887;0.897;0.279;Branco;143;
67;CN;10766;E;5;0;;1.849;2.336;0.155;Amarelo;142;
67;CN;13481;A;19;0;;2.718;0.371;0.172;Rosa;144;
67;CN;14165;C;18;0;;2.553;1.767;0.242;Azul;141;
67;CN;14951;D;18;0;;1.798;1.356;0.247;Branco (Ledor);153;
68;CN;7394;D;14;0;;1.166;1.513;0.169;Azul;141;
68;CN;12242;D;28;0;;1.175;2.965;0.163;Branco;143;
68;CN;12242;D;28;0;;1.175;2.965;0.163;Branco (Ledor);153;
68;CN;14970;E;11;0;;2.232;1.766;0.215;Rosa;144;
68;CN;14971;A;20;0;;2.642;2.452;0.191;Amarelo;142;
69;CN;13100;B;24;0;;3.122;1.118;0.15;Rosa;144;
69;CN;13577;C;19;0;;2.555;0.753;0.161;Azul;141;
69;CN;13701;A;25;0;;1.651;0.811;0.262;Branco;143;
69;CN;13701;A;25;0;;1.651;0.811;0.262;Branco (Ledor);153;
69;CN;14939;C;3;0;;1.891;1.038;0.181;Amarelo;142;
70;CN;7717;B;4;0;;2.154;1.158;0.185;Amarelo;142;
70;CN;9749;B;26;0;;3.558;1.372;0.206;Branco;143;
70;CN;9749;B;26;0;;3.558;1.372;0.206;Branco (Ledor);153;
70;CN;10813;C;23;0;;1.738;1.226;0.145;Rosa;144;
70;CN;11473;D;27;0;;1.899;2.546;0.165;Azul;141;
71;CN;7859;B;12;0;;1.532;2.288;0.184;Rosa;144;
71;CN;8987;D;15;0;;1.887;0.897;0.279;Amarelo;142;
71;CN;13755;E;26;0;;2.226;-0.365;0.145;Azul;141;
71;CN;13755;E;26;0;;2.226;-0.365;0.145;Branco;143;
71;CN;13755;E;26;0;;2.226;-0.365;0.145;Branco (Ledor);153;
72;CN;7530;A;29;0;;3.042;0.65;0.229;Rosa;144;
72;CN;10698;C;20;0;;1.883;0.118;0.163;Azul;141;
72;CN;10698;C;20;0;;1.883;0.118;0.163;Branco;143;
72;CN;10698;C;20;0;;1.883;0.118;0.163;Branco (Ledor);153;
72;CN;12242;D;28;0;;1.175;2.965;0.163;Amarelo;142;
73;CN;7520;E;18;0;;3.262;0.865;0.132;Rosa;144;
73;CN;10766;E;5;0;;1.849;2.336;0.155;Azul;141;
73;CN;10766;E;5;0;;1.849;2.336;0.155;Branco;143;
73;CN;12277;E;22;0;;3.017;1.299;0.27;Branco (Ledor);153;
73;CN;13701;A;25;0;;1.651;0.811;0.262;Amarelo;142;
74;CN;7538;E;10;0;;1.511;1.598;0.2;Branco;143;
74;CN;7538;E;10;0;;1.511;1.598;0.2;Branco (Ledor);153;
74;CN;9749;B;26;0;;3.558;1.372;0.206;Amarelo;142;
74;CN;11471;E;13;0;;3.167;1.289;0.13;Rosa;144;
74;CN;14971;A;20;0;;2.642;2.452;0.191;Azul;141;
75;CN;7538;E;10;0;;1.511;1.598;0.2;Amarelo;142;
75;CN;12313;A;25;0;;1.491;2.311;0.163;Rosa;144;
75;CN;14939;C;3;0;;1.891;1.038;0.181;Azul;141;
75;CN;14982;B;22;0;;2.199;1.465;0.089;Branco;143;
75;CN;14982;B;22;0;;2.199;1.465;0.089;Branco (Ledor);153;
76;CN;7717;B;4;0;;2.154;1.158;0.185;Azul;141;
76;CN;9427;E;20;0;;1.598;0.317;0.12;Branco (Ledor);153;
76;CN;12246;E;15;0;;2.361;1.009;0.118;Branco;143;
76;CN;14165;C;18;0;;2.553;1.767;0.242;Rosa;144;
76;CN;14982;B;22;0;;2.199;1.465;0.089;Amarelo;142;
77;CN;7394;D;14;0;;1.166;1.513;0.169;Rosa;144;
77;CN;8998;D;7;0;;1.425;1.592;0.201;Azul;141;
77;CN;12246;E;15;0;;2.361;1.009;0.118;Amarelo;142;
77;CN;12466;B;25;0;;3.412;1.198;0.16;Branco;143;
77;CN;12466;B;25;0;;3.412;1.198;0.16;Branco (Ledor);153;
78;CN;7759;A;11;0;;2.105;0.708;0.253;Branco (Ledor);153;
78;CN;12466;B;25;0;;3.412;1.198;0.16;Amarelo;142;
78;CN;13155;A;2;0;;1.781;1.583;0.173;Azul;141;
78;CN;13577;C;19;0;;2.555;0.753;0.161;Rosa;144;
78;CN;14971;A;20;0;;2.642;2.452;0.191;Branco;143;
79;CN;11473;D;27;0;;1.899;2.546;0.165;Rosa;144;
79;CN;14148;C;25;0;;2.904;1.225;0.293;Azul;141;
79;CN;14939;C;3;0;;1.891;1.038;0.181;Branco;143;
79;CN;14939;C;3;0;;1.891;1.038;0.181;Branco (Ledor);153;
79;CN;14980;B;21;0;;2.542;1.521;0.153;Amarelo;142;
80;CN;7526;C;30;0;;1.57;-0.14;0.209;Azul;141;
80;CN;7717;B;4;0;;2.154;1.158;0.185;Branco;143;
80;CN;7717;B;4;0;;2.154;1.158;0.185;Branco (Ledor);153;
80;CN;14938;A;3;0;;2.231;2.098;0.262;Amarelo;142;
80;CN;14971;A;20;0;;2.642;2.452;0.191;Rosa;144;
81;CN;7721;B;9;0;;2.306;0.775;0.111;Azul;141;
81;CN;13601;C;16;0;;1.197;0.96;0.22;Amarelo;142;
81;CN;14939;C;3;0;;1.891;1.038;0.181;Rosa;144;
81;CN;14980;B;21;0;;2.542;1.521;0.153;Branco;143;
81;CN;14980;B;21;0;;2.542;1.521;0.153;Branco (Ledor);153;
82;CN;7717;B;4;0;;2.154;1.158;0.185;Rosa;144;
82;CN;10124;E;8;0;;2.356;1.028;0.109;Azul;141;
82;CN;12016;E;15;0;;3.273;0.957;0.216;Amarelo;142;
82;CN;14938;A;3;0;;2.231;2.098;0.262;Branco;143;
82;CN;14938;A;3;0;;2.231;2.098;0.262;Branco (Ledor);153;
83;CN;7721;B;9;0;;2.306;0.775;0.111;Amarelo;142;
83;CN;13601;C;16;0;;1.197;0.96;0.22;Branco;143;
83;CN;13601;C;16;0;;1.197;0.96;0.22;Branco (Ledor);153;
83;CN;14148;C;25;0;;2.904;1.225;0.293;Rosa;144;
83;CN;14980;B;21;0;;2.542;1.521;0.153;Azul;141;
84;CN;7526;C;30;0;;1.57;-0.14;0.209;Rosa;144;
84;CN;10124;E;8;0;;2.356;1.028;0.109;Amarelo;142;
84;CN;12016;E;15;0;;3.273;0.957;0.216;Branco;143;
84;CN;12016;E;15;0;;3.273;0.957;0.216;Branco (Ledor);153;
84;CN;14938;A;3;0;;2.231;2.098;0.262;Azul;141;
85;CN;7721;B;9;0;;2.306;0.775;0.111;Rosa;144;
85;CN;8998;D;7;0;;1.425;1.592;0.201;Branco;143;
85;CN;8998;D;7;0;;1.425;1.592;0.201;Branco (Ledor);153;
85;CN;13601;C;16;0;;1.197;0.96;0.22;Azul;141;
85;CN;14148;C;25;0;;2.904;1.225;0.293;Amarelo;142;
86;CN;7441;A;20;0;;3.518;1.946;0.241;Branco (Ledor);153;
86;CN;7526;C;30;0;;1.57;-0.14;0.209;Amarelo;142;
86;CN;10124;E;8;0;;2.356;1.028;0.109;Rosa;144;
86;CN;12016;E;15;0;;3.273;0.957;0.216;Azul;141;
86;CN;13155;A;2;0;;1.781;1.583;0.173;Branco;143;
87;CN;7538;E;10;0;;1.511;1.598;0.2;Azul;141;
87;CN;7721;B;9;0;;2.306;0.775;0.111;Branco;143;
87;CN;7721;B;9;0;;2.306;0.775;0.111;Branco (Ledor);153;
87;CN;14165;C;18;0;;2.553;1.767;0.242;Amarelo;142;
87;CN;14980;B;21;0;;2.542;1.521;0.153;Rosa;144;
88;CN;7394;D;14;0;;1.166;1.513;0.169;Amarelo;142;
88;CN;10124;E;8;0;;2.356;1.028;0.109;Branco;143;
88;CN;10124;E;8;0;;2.356;1.028;0.109;Branco (Ledor);153;
88;CN;14938;A;3;0;;2.231;2.098;0.262;Rosa;144;
88;CN;14982;B;22;0;;2.199;1.465;0.089;Azul;141;
89;CN;12246;E;15;0;;2.361;1.009;0.118;Azul;141;
89;CN;12392;C;22;0;;3.347;1.179;0.172;Branco (Ledor);153;
89;CN;13577;C;19;0;;2.555;0.753;0.161;Amarelo;142;
89;CN;13601;C;16;0;;1.197;0.96;0.22;Rosa;144;
89;CN;14148;C;25;0;;2.904;1.225;0.293;Branco;143;
90;CN;7526;C;30;0;;1.57;-0.14;0.209;Branco;143;
90;CN;7526;C;30;0;;1.57;-0.14;0.209;Branco (Ledor);153;
90;CN;11473;D;27;0;;1.899;2.546;0.165;Amarelo;142;
90;CN;12016;E;15;0;;3.273;0.957;0.216;Rosa;144;
90;CN;12466;B;25;0;;3.412;1.198;0.16;Azul;141;
91;LC;7350;D;6;0;;1.646;0.939;0.204;Amarelo;145;0
91;LC;9317;D;6;0;;1.562;0.815;0.198;Amarelo;145;1
91;LC;11524;A;6;0;;1.318;0.405;0.109;Azul;147;1
91;LC;11524;A;6;0;;1.318;0.405;0.109;Cinza;146;1
91;LC;11524;A;6;0;;1.318;0.405;0.109;Cinza (Ledor);155;1
91;LC;11524;A;6;0;;1.318;0.405;0.109;Rosa;148;1
91;LC;15020;B;5;0;;1.885;1.091;0.133;Rosa;148;0
91;LC;15123;A;6;0;;1.275;0.347;0.21;Azul;147;0
91;LC;15123;A;6;0;;1.275;0.347;0.21;Cinza;146;0
91;LC;15123;A;6;0;;1.275;0.347;0.21;Cinza (Ledor);155;0
92;LC;7350;D;6;0;;1.646;0.939;0.204;Rosa;148;0
92;LC;9317;D;6;0;;1.562;0.815;0.198;Azul;147;1
92;LC;9317;D;6;0;;1.562;0.815;0.198;Cinza;146;1
92;LC;9317;D;6;0;;1.562;0.815;0.198;Cinza (Ledor);155;1
92;LC;10352;D;7;0;;1.617;0.493;0.142;Azul;147;0
92;LC;10352;D;7;0;;1.617;0.493;0.142;Cinza;146;0
92;LC;10352;D;7;0;;1.617;0.493;0.142;Cinza (Ledor);155;0
92;LC;11100;A;6;0;;1.614;1.293;0.136;Amarelo;145;1
92;LC;11100;A;6;0;;1.614;1.293;0.136;Rosa;148;1
92;LC;15020;B;5;0;;1.885;1.091;0.133;Amarelo;145;0
93;LC;7111;B;8;0;;1.722;1.862;0.284;Amarelo;145;0
93;LC;7111;B;8;0;;1.722;1.862;0.284;Rosa;148;0
93;LC;7350;D;6;0;;1.646;0.939;0.204;Azul;147;0
93;LC;7350;D;6;0;;1.646;0.939;0.204;Cinza;146;0
93;LC;7350;D;6;0;;1.646;0.939;0.204;Cinza (Ledor);155;0
93;LC;9317;D;6;0;;1.562;0.815;0.198;Rosa;148;1
93;LC;11100;A;6;0;;1.614;1.293;0.136;Azul;147;1
93;LC;11100;A;6;0;;1.614;1.293;0.136;Cinza;146;1
93;LC;11100;A;6;0;;1.614;1.293;0.136;Cinza (Ledor);155;1
93;LC;11524;A;6;0;;1.318;0.405;0.109;Amarelo;145;1
94;LC;7111;B;8;0;;1.722;1.862;0.284;Azul;147;0
94;LC;9167;C;7;0;;2.118;1.058;0.188;Cinza;146;1
94;LC;9167;C;7;0;;2.118;1.058;0.188;Cinza (Ledor);155;1
94;LC;9167;C;7;0;;2.118;1.058;0.188;Rosa;148;1
94;LC;11637;B;5;0;;1.614;2.255;0.254;Amarelo;145;1
94;LC;11637;B;5;0;;1.614;2.255;0.254;Azul;147;1
94;LC;15020;B;5;0;;1.885;1.091;0.133;Cinza;146;0
94;LC;15020;B;5;0;;1.885;1.091;0.133;Cinza (Ledor);155;0
94;LC;15123;A;6;0;;1.275;0.347;0.21;Amarelo;145;0
94;LC;15123;A;6;0;;1.275;0.347;0.21;Rosa;148;0
95;LC;7111;B;8;0;;1.722;1.862;0.284;Cinza;146;0
95;LC;7111;B;8;0;;1.722;1.862;0.284;Cinza (Ledor);155;0
95;LC;9167;C;7;0;;2.118;1.058;0.188;Amarelo;145;1
95;LC;9167;C;7;0;;2.118;1.058;0.188;Azul;147;1
95;LC;10352;D;7;0;;1.617;0.493;0.142;Amarelo;145;0
95;LC;10352;D;7;0;;1.617;0.493;0.142;Rosa;148;0
95;LC;11637;B;5;0;;1.614;2.255;0.254;Cinza;146;1
95;LC;11637;B;5;0;;1.614;2.255;0.254;Cinza (Ledor);155;1
95;LC;11637;B;5;0;;1.614;2.255;0.254;Rosa;148;1
95;LC;15020;B;5;0;;1.885;1.091;0.133;Azul;147;0
96;LC;9917;A;10;0;;2.024;-0.076;0.183;Azul;147;
96;LC;9917;A;10;0;;2.024;-0.076;0.183;Cinza;146;
96;LC;9917;A;10;0;;2.024;-0.076;0.183;Cinza (Ledor);155;
96;LC;10128;A;1;0;;2.826;1.126;0.226;Amarelo;145;
96;LC;10467;A;9;0;;1.46;1.422;0.198;Rosa;148;
97;LC;9267;A;17;0;;1.528;1.501;0.195;Rosa;148;
97;LC;10744;A;3;0;;1.347;1.034;0.138;Amarelo;145;
97;LC;13161;A;30;0;;1.873;0.255;0.146;Azul;147;
97;LC;13161;A;30;0;;1.873;0.255;0.146;Cinza;146;
97;LC;13161;A;30;0;;1.873;0.255;0.146;Cinza (Ledor);155;
98;LC;10167;D;20;0;;1.339;0.003;0.153;Azul;147;
98;LC;10167;D;20;0;;1.339;0.003;0.153;Cinza;146;
98;LC;10167;D;20;0;;1.339;0.003;0.153;Cinza (Ledor);155;
98;LC;13064;A;26;0;;0.94;1.199;0.167;Amarelo;145;
98;LC;13440;B;18;0;;1.719;1.669;0.211;Rosa;148;
99;LC;7241;E;24;0;;1.761;-0.23;0.16;Amarelo;145;
99;LC;9917;A;10;0;;2.024;-0.076;0.183;Rosa;148;
99;LC;11849;A;25;0;;1.828;0.166;0.169;Azul;147;
99;LC;11849;A;25;0;;1.828;0.166;0.169;Cinza;146;
99;LC;11849;A;25;0;;1.828;0.166;0.169;Cinza (Ledor);155;
100;LC;7241;E;24;0;;1.761;-0.23;0.16;Cinza;146;
100;LC;7241;E;24;0;;1.761;-0.23;0.16;Cinza (Ledor);155;
100;LC;8971;B;24;0;;2.704;-0.413;0.172;Amarelo;145;
100;LC;10467;A;9;0;;1.46;1.422;0.198;Azul;147;
100;LC;13161;A;30;0;;1.873;0.255;0.146;Rosa;148;
101;LC;8971;B;24;0;;2.704;-0.413;0.172;Cinza;146;
101;LC;8971;B;24;0;;2.704;-0.413;0.172;Cinza (Ledor);155;
101;LC;9267;A;17;0;;1.528;1.501;0.195;Azul;147;
101;LC;10167;D;20;0;;1.339;0.003;0.153;Rosa;148;
101;LC;13388;E;17;0;;1.971;0.039;0.169;Amarelo;145;
102;LC;7714;D;2;0;;1.775;-0.917;0.188;Cinza;146;
102;LC;7714;D;2;0;;1.775;-0.917;0.188;Cinza (Ledor);155;
102;LC;9843;B;4;0;;2.072;0.209;0.134;Amarelo;145;
102;LC;11849;A;25;0;;1.828;0.166;0.169;Rosa;148;
102;LC;13440;B;18;0;;1.719;1.669;0.211;Azul;147;
103;LC;7241;E;24;0;;1.761;-0.23;0.16;Rosa;148;
103;LC;8716;D;11;0;;1.87;0.307;0.119;Cinza;146;
103;LC;8716;D;11;0;;1.87;0.307;0.119;Cinza (Ledor);155;
103;LC;10128;A;1;0;;2.826;1.126;0.226;Azul;147;
103;LC;13152;E;24;0;;2.563;0.427;0.125;Amarelo;145;
104;LC;8971;B;24;0;;2.704;-0.413;0.172;Rosa;148;
104;LC;9258;E;3;0;;2.418;0.025;0.142;Amarelo;145;
104;LC;10744;A;3;0;;1.347;1.034;0.138;Azul;147;
104;LC;13475;C;13;0;;1.032;0.763;0.195;Cinza;146;
104;LC;13475;C;13;0;;1.032;0.763;0.195;Cinza (Ledor);155;
105;LC;9628;A;23;0;;1.24;1.616;0.21;Amarelo;145;
105;LC;10128;A;1;0;;2.826;1.126;0.226;Rosa;148;
105;LC;13064;A;26;0;;0.94;1.199;0.167;Azul;147;
105;LC;13388;E;17;0;;1.971;0.039;0.169;Cinza;146;
105;LC;13388;E;17;0;;1.971;0.039;0.169;Cinza (Ledor);155;
106;LC;7241;E;24;0;;1.761;-0.23;0.16;Azul;147;
106;LC;9843;B;4;0;;2.072;0.209;0.134;Cinza;146;
106;LC;9843;B;4;0;;2.072;0.209;0.134;Cinza (Ledor);155;
106;LC;10744;A;3;0;;1.347;1.034;0.138;Rosa;148;
106;LC;10936;E;21;0;;0.814;1.947;0.292;Amarelo;145;
107;LC;8971;B;24;0;;2.704;-0.413;0.172;Azul;147;
107;LC;12213;A;16;0;;2.092;0.004;0.163;Amarelo;145;
107;LC;13064;A;26;0;;0.94;1.199;0.167;Rosa;148;
107;LC;13152;E;24;0;;2.563;0.427;0.125;Cinza;146;
107;LC;13152;E;24;0;;2.563;0.427;0.125;Cinza (Ledor);155;
108;LC;9258;E;3;0;;2.418;0.025;0.142;Cinza;146;
108;LC;9258;E;3;0;;2.418;0.025;0.142;Cinza (Ledor);155;
108;LC;11131;D;15;0;;1.774;1.431;0.105;Amarelo;145;
108;LC;11950;E;25;0;;2.136;0.329;0.189;Azul;147;
108;LC;13388;E;17;0;;1.971;0.039;0.169;Rosa;148;
109;LC;7157;D;18;0;;1.16;0.242;0.183;Azul;147;
109;LC;9843;B;4;0;;2.072;0.209;0.134;Rosa;148;
109;LC;10467;A;9;0;;1.46;1.422;0.198;Amarelo;145;
109;LC;11950;E;25;0;;2.136;0.329;0.189;Cinza;146;
109;LC;11950;E;25;0;;2.136;0.329;0.189;Cinza (Ledor);155;
110;LC;7157;D;18;0;;1.16;0.242;0.183;Cinza;146;
110;LC;7157;D;18;0;;1.16;0.242;0.183;Cinza (Ledor);155;
110;LC;9267;A;17;0;;1.528;1.501;0.195;Amarelo;145;
110;LC;11818;E;26;0;;3.231;0.886;0.087;Azul;147;
110;LC;13152;E;24;0;;2.563;0.427;0.125;Rosa;148;
111;LC;9258;E;3;0;;2.418;0.025;0.142;Rosa;148;
111;LC;10609;A;29;0;;2.358;0.532;0.117;Azul;147;
111;LC;11818;E;26;0;;3.231;0.886;0.087;Cinza;146;
111;LC;11818;E;26;0;;3.231;0.886;0.087;Cinza (Ledor);155;
111;LC;13440;B;18;0;;1.719;1.669;0.211;Amarelo;145;
112;LC;7174;C;15;0;;2.187;0.746;0.213;Cinza;146;
112;LC;7174;C;15;0;;2.187;0.746;0.213;Cinza (Ledor);155;
112;LC;7714;D;2;0;;1.775;-0.917;0.188;Amarelo;145;
112;LC;7714;D;2;0;;1.775;-0.917;0.188;Rosa;148;
112;LC;15064;B;17;0;;2.207;0.639;0.162;Azul;147;
113;LC;7691;E;16;0;;1.388;1.697;0.12;Azul;147;
113;LC;8716;D;11;0;;1.87;0.307;0.119;Amarelo;145;
113;LC;8716;D;11;0;;1.87;0.307;0.119;Rosa;148;
113;LC;8806;D;28;0;;2.167;0.694;0.157;Cinza;146;
113;LC;8806;D;28;0;;2.167;0.694;0.157;Cinza (Ledor);155;
114;LC;7714;D;2;0;;1.775;-0.917;0.188;Azul;147;
114;LC;10609;A;29;0;;2.358;0.532;0.117;Cinza;146;
114;LC;10609;A;29;0;;2.358;0.532;0.117;Cinza (Ledor);155;
114;LC;13475;C;13;0;;1.032;0.763;0.195;Amarelo;145;
114;LC;13475;C;13;0;;1.032;0.763;0.195;Rosa;148;
115;LC;8716;D;11;0;;1.87;0.307;0.119;Azul;147;
115;LC;10609;A;29;0;;2.358;0.532;0.117;Rosa;148;
115;LC;11950;E;25;0;;2.136;0.329;0.189;Amarelo;145;
115;LC;15064;B;17;0;;2.207;0.639;0.162;Cinza;146;
115;LC;15064;B;17;0;;2.207;0.639;0.162;Cinza (Ledor);155;
116;LC;7157;D;18;0;;1.16;0.242;0.183;Amarelo;145;
116;LC;7691;E;16;0;;1.388;1.697;0.12;Cinza;146;
116;LC;7691;E;16;0;;1.388;1.697;0.12;Cinza (Ledor);155;
116;LC;13475;C;13;0;;1.032;0.763;0.195;Azul;147;
116;LC;15064;B;17;0;;2.207;0.639;0.162;Rosa;148;
117;LC;7691;E;16;0;;1.388;1.697;0.12;Rosa;148;
117;LC;7884;A;13;0;;2.006;0.688;0.17;Cinza;146;
117;LC;7884;A;13;0;;2.006;0.688;0.17;Cinza (Ledor);155;
117;LC;11818;E;26;0;;3.231;0.886;0.087;Amarelo;145;
117;LC;13388;E;17;0;;1.971;0.039;0.169;Azul;147;
118;LC;7174;C;15;0;;2.187;0.746;0.213;Amarelo;145;
118;LC;9843;B;4;0;;2.072;0.209;0.134;Azul;147;
118;LC;11950;E;25;0;;2.136;0.329;0.189;Rosa;148;
118;LC;12235;C;14;0;;1.669;1.171;0.165;Cinza;146;
118;LC;12235;C;14;0;;1.669;1.171;0.165;Cinza (Ledor);155;
119;LC;7157;D;18;0;;1.16;0.242;0.183;Rosa;148;
119;LC;8806;D;28;0;;2.167;0.694;0.157;Amarelo;145;
119;LC;13152;E;24;0;;2.563;0.427;0.125;Azul;147;
119;LC;13476;B;27;0;;0.969;2.035;0.26;Cinza;146;
119;LC;13476;B;27;0;;0.969;2.035;0.26;Cinza (Ledor);155;
120;LC;9258;E;3;0;;2.418;0.025;0.142;Azul;147;
120;LC;10609;A;29;0;;2.358;0.532;0.117;Amarelo;145;
120;LC;11818;E;26;0;;3.231;0.886;0.087;Rosa;148;
120;LC;13273;D;15;0;;1.872;0.933;0.246;Cinza;146;
120;LC;13273;D;15;0;;1.872;0.933;0.246;Cinza (Ledor);155;
121;LC;7174;C;15;0;;2.187;0.746;0.213;Rosa;148;
121;LC;7884;A;13;0;;2.006;0.688;0.17;Azul;147;
121;LC;12402;B;19;0;;1.972;2.078;0.302;Cinza;146;
121;LC;12402;B;19;0;;1.972;2.078;0.302;Cinza (Ledor);155;
121;LC;15064;B;17;0;;2.207;0.639;0.162;Amarelo;145;
122;LC;7691;E;16;0;;1.388;1.697;0.12;Amarelo;145;
122;LC;8806;D;28;0;;2.167;0.694;0.157;Rosa;148;
122;LC;12096;A;27;0;;2.123;0.397;0.097;Cinza;146;
122;LC;12096;A;27;0;;2.123;0.397;0.097;Cinza (Ledor);155;
122;LC;12235;C;14;0;;1.669;1.171;0.165;Azul;147;
123;LC;7884;A;13;0;;2.006;0.688;0.17;Amarelo;145;
123;LC;10128;A;1;0;;2.826;1.126;0.226;Cinza;146;
123;LC;10128;A;1;0;;2.826;1.126;0.226;Cinza (Ledor);155;
123;LC;13273;D;15;0;;1.872;0.933;0.246;Rosa;148;
123;LC;13476;B;27;0;;0.969;2.035;0.26;Azul;147;
124;LC;7174;C;15;0;;2.187;0.746;0.213;Azul;147;
124;LC;10744;A;3;0;;1.347;1.034;0.138;Cinza;146;
124;LC;10744;A;3;0;;1.347;1.034;0.138;Cinza (Ledor);155;
124;LC;12235;C;14;0;;1.669;1.171;0.165;Amarelo;145;
124;LC;12402;B;19;0;;1.972;2.078;0.302;Rosa;148;
125;LC;8806;D;28;0;;2.167;0.694;0.157;Azul;147;
125;LC;12096;A;27;0;;2.123;0.397;0.097;Rosa;148;
125;LC;13064;A;26;0;;0.94;1.199;0.167;Cinza;146;
125;LC;13064;A;26;0;;0.94;1.199;0.167;Cinza (Ledor);155;
125;LC;13476;B;27;0;;0.969;2.035;0.26;Amarelo;145;
126;LC;7179;D;23;0;;1.248;1.226;0.226;Cinza;146;
126;LC;7179;D;23;0;;1.248;1.226;0.226;Cinza (Ledor);155;
126;LC;7884;A;13;0;;2.006;0.688;0.17;Rosa;148;
126;LC;13273;D;15;0;;1.872;0.933;0.246;Amarelo;145;
126;LC;13273;D;15;0;;1.872;0.933;0.246;Azul;147;
127;LC;12235;C;14;0;;1.669;1.171;0.165;Rosa;148;
127;LC;12402;B;19;0;;1.972;2.078;0.302;Amarelo;145;
127;LC;12402;B;19;0;;1.972;2.078;0.302;Azul;147;
127;LC;13091;E;22;0;;2.838;1.048;0.07;Cinza;146;
127;LC;13091;E;22;0;;2.838;1.048;0.07;Cinza (Ledor);155;
128;LC;12096;A;27;0;;2.123;0.397;0.097;Amarelo;145;
128;LC;12096;A;27;0;;2.123;0.397;0.097;Azul;147;
128;LC;13476;B;27;0;;0.969;2.035;0.26;Rosa;148;
128;LC;15094;D;12;0;;1.9;1.439;0.29;Cinza;146;
128;LC;15094;D;12;0;;1.9;1.439;0.29;Cinza (Ledor);155;
129;LC;7179;D;23;0;;1.248;1.226;0.226;Amarelo;145;
129;LC;7179;D;23;0;;1.248;1.226;0.226;Azul;147;
129;LC;9628;A;23;0;;1.24;1.616;0.21;Rosa;148;
129;LC;10467;A;9;0;;1.46;1.422;0.198;Cinza;146;
129;LC;10467;A;9;0;;1.46;1.422;0.198;Cinza (Ledor);155;
130;LC;9267;A;17;0;;1.528;1.501;0.195;Cinza;146;
130;LC;9267;A;17;0;;1.528;1.501;0.195;Cinza (Ledor);155;
130;LC;10936;E;21;0;;0.814;1.947;0.292;Rosa;148;
130;LC;13091;E;22;0;;2.838;1.048;0.07;Amarelo;145;
130;LC;13091;E;22;0;;2.838;1.048;0.07;Azul;147;
131;LC;12213;A;16;0;;2.092;0.004;0.163;Rosa;148;
131;LC;13440;B;18;0;;1.719;1.669;0.211;Cinza;146;
131;LC;13440;B;18;0;;1.719;1.669;0.211;Cinza (Ledor);155;
131;LC;15094;D;12;0;;1.9;1.439;0.29;Amarelo;145;
131;LC;15094;D;12;0;;1.9;1.439;0.29;Azul;147;
132;LC;9628;A;23;0;;1.24;1.616;0.21;Azul;147;
132;LC;9628;A;23;0;;1.24;1.616;0.21;Cinza;146;
132;LC;9628;A;23;0;;1.24;1.616;0.21;Cinza (Ledor);155;
132;LC;9917;A;10;0;;2.024;-0.076;0.183;Amarelo;145;
132;LC;11131;D;15;0;;1.774;1.431;0.105;Rosa;148;
133;LC;7179;D;23;0;;1.248;1.226;0.226;Rosa;148;
133;LC;10936;E;21;0;;0.814;1.947;0.292;Azul;147;
133;LC;10936;E;21;0;;0.814;1.947;0.292;Cinza;146;
133;LC;10936;E;21;0;;0.814;1.947;0.292;Cinza (Ledor);155;
133;LC;13161;A;30;0;;1.873;0.255;0.146;Amarelo;145;
134;LC;10167;D;20;0;;1.339;0.003;0.153;Amarelo;145;
134;LC;12213;A;16;0;;2.092;0.004;0.163;Azul;147;
134;LC;12213;A;16;0;;2.092;0.004;0.163;Cinza;146;
134;LC;12213;A;16;0;;2.092;0.004;0.163;Cinza (Ledor);155;
134;LC;13091;E;22;0;;2.838;1.048;0.07;Rosa;148;
135;LC;11131;D;15;0;;1.774;1.431;0.105;Azul;147;
135;LC;11131;D;15;0;;1.774;1.431;0.105;Cinza;146;
135;LC;11131;D;15;0;;1.774;1.431;0.105;Cinza (Ledor);155;
135;LC;11849;A;25;0;;1.828;0.166;0.169;Amarelo;145;
135;LC;15094;D;12;0;;1.9;1.439;0.29;Rosa;148;
136;MT;8444;E;20;0;;1.135;-1.259;0.201;Cinza;150;
136;MT;8444;E;20;0;;1.135;-1.259;0.201;Cinza (Ledor);156;
136;MT;8930;C;5;0;;0.898;1.628;0.128;Rosa;152;
136;MT;10547;A;4;0;;2.346;1.071;0.107;Amarelo;149;
136;MT;15395;D;11;0;;1.799;2.214;0.182;Azul;151;
137;MT;10823;A;7;0;;1.483;-0.252;0.197;Cinza;150;
137;MT;11935;A;16;0;;3.061;2.17;0.181;Cinza (Ledor);156;
137;MT;12765;C;13;0;;3.113;1.76;0.222;Rosa;152;
137;MT;15307;E;7;0;;1.881;2.227;0.204;Azul;151;
137;MT;15402;D;11;0;;2.023;1.286;0.085;Amarelo;149;
138;MT;6086;B;3;0;;2.328;2.467;0.193;Azul;151;
138;MT;9207;B;3;0;;1.517;-0.047;0.173;Cinza;150;
138;MT;9207;B;3;0;;1.517;-0.047;0.173;Cinza (Ledor);156;
138;MT;15446;C;14;0;;1.786;1.911;0.138;Rosa;152;
138;MT;15460;E;30;0;;1.282;1.837;0.151;Amarelo;149;
139;MT;7421;D;28;0;;1.952;2.677;0.096;Azul;151;
139;MT;7890;B;8;0;;2.576;2.062;0.189;Rosa;152;
139;MT;9909;D;12;0;;1.867;1.515;0.129;Amarelo;149;
139;MT;12533;E;26;0;;1.306;0.46;0.176;Cinza;150;
139;MT;12533;E;26;0;;1.306;0.46;0.176;Cinza (Ledor);156;
140;MT;8444;E;20;0;;1.135;-1.259;0.201;Amarelo;149;
140;MT;8504;D;23;0;;1.079;1.617;0.29;Azul;151;
140;MT;11521;E;25;0;;2.353;0.55;0.186;Cinza;150;
140;MT;11521;E;25;0;;2.353;0.55;0.186;Cinza (Ledor);156;
140;MT;12730;C;1;0;;1.589;0.603;0.137;Rosa;152;
141;MT;7603;E;19;0;;2.305;1.406;0.305;Azul;151;
141;MT;10181;E;15;0;;2.384;0.633;0.16;Cinza;150;
141;MT;10181;E;15;0;;2.384;0.633;0.16;Cinza (Ledor);156;
141;MT;10823;A;7;0;;1.483;-0.252;0.197;Amarelo;149;
141;MT;14393;A;25;0;;2.366;0.465;0.114;Rosa;152;
142;MT;7031;C;6;0;;1.738;0.754;0.196;Cinza;150;
142;MT;8428;B;26;0;;1.613;0.452;0.124;Rosa;152;
142;MT;9207;B;3;0;;1.517;-0.047;0.173;Amarelo;149;
142;MT;11343;D;12;0;;1.797;1.306;0.12;Azul;151;
142;MT;15450;C;15;0;;3.156;1.706;0.2;Cinza (Ledor);156;
143;MT;7282;A;16;0;;1.8;-0.418;0.186;Rosa;152;
143;MT;7291;A;19;0;;2.544;1.267;0.269;Azul;151;
143;MT;10300;B;21;0;;2.369;0.826;0.148;Cinza;150;
143;MT;10300;B;21;0;;2.369;0.826;0.148;Cinza (Ledor);156;
143;MT;12533;E;26;0;;1.306;0.46;0.176;Amarelo;149;
144;MT;7725;D;4;0;;2.764;0.956;0.129;Cinza;150;
144;MT;7725;D;4;0;;2.764;0.956;0.129;Cinza (Ledor);156;
144;MT;8444;E;20;0;;1.135;-1.259;0.201;Rosa;152;
144;MT;10547;A;4;0;;2.346;1.071;0.107;Azul;151;
144;MT;11521;E;25;0;;2.353;0.55;0.186;Amarelo;149;
145;MT;10181;E;15;0;;2.384;0.633;0.16;Amarelo;149;
145;MT;10547;A;4;0;;2.346;1.071;0.107;Cinza;150;
145;MT;10547;A;4;0;;2.346;1.071;0.107;Cinza (Ledor);156;
145;MT;10823;A;7;0;;1.483;-0.252;0.197;Rosa;152;
145;MT;15402;D;11;0;;2.023;1.286;0.085;Azul;151;
146;MT;8930;C;5;0;;0.898;1.628;0.128;Amarelo;149;
146;MT;9207;B;3;0;;1.517;-0.047;0.173;Rosa;152;
146;MT;15402;D;11;0;;2.023;1.286;0.085;Cinza;150;
146;MT;15402;D;11;0;;2.023;1.286;0.085;Cinza (Ledor);156;
146;MT;15460;E;30;0;;1.282;1.837;0.151;Azul;151;
147;MT;9909;D;12;0;;1.867;1.515;0.129;Azul;151;
147;MT;12533;E;26;0;;1.306;0.46;0.176;Rosa;152;
147;MT;12765;C;13;0;;3.113;1.76;0.222;Amarelo;149;
147;MT;15460;E;30;0;;1.282;1.837;0.151;Cinza;150;
147;MT;15460;E;30;0;;1.282;1.837;0.151;Cinza (Ledor);156;
148;MT;7060;D;8;0;;1.994;2.548;0.118;Cinza (Ledor);156;
148;MT;8444;E;20;0;;1.135;-1.259;0.201;Azul;151;
148;MT;9214;A;9;0;;3.544;2.408;0.141;Rosa;152;
148;MT;9909;D;12;0;;1.867;1.515;0.129;Cinza;150;
148;MT;15446;C;14;0;;1.786;1.911;0.138;Amarelo;149;
149;MT;7890;B;8;0;;2.576;2.062;0.189;Amarelo;149;
149;MT;8930;C;5;0;;0.898;1.628;0.128;Cinza;150;
149;MT;8930;C;5;0;;0.898;1.628;0.128;Cinza (Ledor);156;
149;MT;10823;A;7;0;;1.483;-0.252;0.197;Azul;151;
149;MT;10896;E;6;0;;1.305;2.218;0.111;Rosa;152;
150;MT;8504;D;23;0;;1.079;1.617;0.29;Amarelo;149;
150;MT;9207;B;3;0;;1.517;-0.047;0.173;Azul;151;
150;MT;12765;C;13;0;;3.113;1.76;0.222;Cinza;150;
150;MT;12765;C;13;0;;3.113;1.76;0.222;Cinza (Ledor);156;
150;MT;15453;E;13;0;;2.132;-0.048;0.176;Rosa;152;
151;MT;7603;E;19;0;;2.305;1.406;0.305;Amarelo;149;
151;MT;11521;E;25;0;;2.353;0.55;0.186;Rosa;152;
151;MT;12533;E;26;0;;1.306;0.46;0.176;Azul;151;
151;MT;15446;C;14;0;;1.786;1.911;0.138;Cinza;150;
151;MT;15446;C;14;0;;1.786;1.911;0.138;Cinza (Ledor);156;
152;MT;7754;B;7;0;;2.127;1.342;0.179;Cinza (Ledor);156;
152;MT;7890;B;8;0;;2.576;2.062;0.189;Cinza;150;
152;MT;9214;A;9;0;;3.544;2.408;0.141;Azul;151;
152;MT;10181;E;15;0;;2.384;0.633;0.16;Rosa;152;
152;MT;11343;D;12;0;;1.797;1.306;0.12;Amarelo;149;
153;MT;7291;A;19;0;;2.544;1.267;0.269;Amarelo;149;
153;MT;8504;D;23;0;;1.079;1.617;0.29;Rosa;152;
153;MT;10896;E;6;0;;1.305;2.218;0.111;Azul;151;
153;MT;15395;D;11;0;;1.799;2.214;0.182;Cinza;150;
153;MT;15395;D;11;0;;1.799;2.214;0.182;Cinza (Ledor);156;
154;MT;7031;C;6;0;;1.738;0.754;0.196;Amarelo;149;
154;MT;7300;E;21;0;;2.647;1.275;0.243;Cinza (Ledor);156;
154;MT;7603;E;19;0;;2.305;1.406;0.305;Rosa;152;
154;MT;15307;E;7;0;;1.881;2.227;0.204;Cinza;150;
154;MT;15453;E;13;0;;2.132;-0.048;0.176;Azul;151;
155;MT;6086;B;3;0;;2.328;2.467;0.193;Cinza;150;
155;MT;6086;B;3;0;;2.328;2.467;0.193;Cinza (Ledor);156;
155;MT;10300;B;21;0;;2.369;0.826;0.148;Amarelo;149;
155;MT;11343;D;12;0;;1.797;1.306;0.12;Rosa;152;
155;MT;11521;E;25;0;;2.353;0.55;0.186;Azul;151;
156;MT;7291;A;19;0;;2.544;1.267;0.269;Rosa;152;
156;MT;7421;D;28;0;;1.952;2.677;0.096;Cinza;150;
156;MT;7421;D;28;0;;1.952;2.677;0.096;Cinza (Ledor);156;
156;MT;7725;D;4;0;;2.764;0.956;0.129;Amarelo;149;
156;MT;10181;E;15;0;;2.384;0.633;0.16;Azul;151;
157;MT;8930;C;5;0;;0.898;1.628;0.128;Azul;151;
157;MT;10441;E;27;0;;2.042;3.236;0.108;Cinza;150;
157;MT;10441;E;27;0;;2.042;3.236;0.108;Cinza (Ledor);156;
157;MT;10547;A;4;0;;2.346;1.071;0.107;Rosa;152;
157;MT;12730;C;1;0;;1.589;0.603;0.137;Amarelo;149;
158;MT;9173;C;3;0;;1.312;3.255;0.143;Cinza;150;
158;MT;9173;C;3;0;;1.312;3.255;0.143;Cinza (Ledor);156;
158;MT;12765;C;13;0;;3.113;1.76;0.222;Azul;151;
158;MT;14393;A;25;0;;2.366;0.465;0.114;Amarelo;149;
158;MT;15402;D;11;0;;2.023;1.286;0.085;Rosa;152;
159;MT;8428;B;26;0;;1.613;0.452;0.124;Amarelo;149;
159;MT;12105;D;29;0;;1.24;3.242;0.18;Cinza;150;
159;MT;12105;D;29;0;;1.24;3.242;0.18;Cinza (Ledor);156;
159;MT;15446;C;14;0;;1.786;1.911;0.138;Azul;151;
159;MT;15460;E;30;0;;1.282;1.837;0.151;Rosa;152;
160;MT;7282;A;16;0;;1.8;-0.418;0.186;Amarelo;149;
160;MT;7890;B;8;0;;2.576;2.062;0.189;Azul;151;
160;MT;9909;D;12;0;;1.867;1.515;0.129;Rosa;152;
160;MT;11010;B;27;0;;1.891;2.719;0.12;Cinza;150;
160;MT;11010;B;27;0;;1.891;2.719;0.12;Cinza (Ledor);156;
161;MT;7031;C;6;0;;1.738;0.754;0.196;Rosa;152;
161;MT;7318;C;17;0;;2.309;2.521;0.16;Cinza;150;
161;MT;7318;C;17;0;;2.309;2.521;0.16;Cinza (Ledor);156;
161;MT;12730;C;1;0;;1.589;0.603;0.137;Azul;151;
161;MT;15395;D;11;0;;1.799;2.214;0.182;Amarelo;149;
162;MT;9214;A;9;0;;3.544;2.408;0.141;Cinza;150;
162;MT;9214;A;9;0;;3.544;2.408;0.141;Cinza (Ledor);156;
162;MT;10300;B;21;0;;2.369;0.826;0.148;Rosa;152;
162;MT;14393;A;25;0;;2.366;0.465;0.114;Azul;151;
162;MT;15307;E;7;0;;1.881;2.227;0.204;Amarelo;149;
163;MT;6086;B;3;0;;2.328;2.467;0.193;Amarelo;149;
163;MT;7429;E;4;0;;1.185;2.988;0.063;Cinza (Ledor);156;
163;MT;7725;D;4;0;;2.764;0.956;0.129;Rosa;152;
163;MT;8428;B;26;0;;1.613;0.452;0.124;Azul;151;
163;MT;10896;E;6;0;;1.305;2.218;0.111;Cinza;150;
164;MT;7282;A;16;0;;1.8;-0.418;0.186;Azul;151;
164;MT;7421;D;28;0;;1.952;2.677;0.096;Amarelo;149;
164;MT;15395;D;11;0;;1.799;2.214;0.182;Rosa;152;
164;MT;15453;E;13;0;;2.132;-0.048;0.176;Cinza;150;
164;MT;15453;E;13;0;;2.132;-0.048;0.176;Cinza (Ledor);156;
165;MT;7031;C;6;0;;1.738;0.754;0.196;Azul;151;
165;MT;8371;B;21;0;;3.552;2.084;0.228;Cinza;150;
165;MT;8371;B;21;0;;3.552;2.084;0.228;Cinza (Ledor);156;
165;MT;9214;A;9;0;;3.544;2.408;0.141;Amarelo;149;
165;MT;15307;E;7;0;;1.881;2.227;0.204;Rosa;152;
166;MT;5773;E;21;0;;1.738;1.953;0.123;Cinza;150;
166;MT;5773;E;21;0;;1.738;1.953;0.123;Cinza (Ledor);156;
166;MT;6086;B;3;0;;2.328;2.467;0.193;Rosa;152;
166;MT;10300;B;21;0;;2.369;0.826;0.148;Azul;151;
166;MT;10896;E;6;0;;1.305;2.218;0.111;Amarelo;149;
167;MT;7421;D;28;0;;1.952;2.677;0.096;Rosa;152;
167;MT;7725;D;4;0;;2.764;0.956;0.129;Azul;151;
167;MT;8439;D;15;0;;2.035;1.851;0.256;Cinza;150;
167;MT;8439;D;15;0;;2.035;1.851;0.256;Cinza (Ledor);156;
167;MT;15453;E;13;0;;2.132;-0.048;0.176;Amarelo;149;
168;MT;7324;D;1;0;;3.324;1.019;0.124;Amarelo;149;
168;MT;8371;B;21;0;;3.552;2.084;0.228;Azul;151;
168;MT;9577;B;10;0;;3.508;1.659;0.175;Cinza;150;
168;MT;9577;B;10;0;;3.508;1.659;0.175;Cinza (Ledor);156;
168;MT;10441;E;27;0;;2.042;3.236;0.108;Rosa;152;
169;MT;5773;E;21;0;;1.738;1.953;0.123;Azul;151;
169;MT;8504;D;23;0;;1.079;1.617;0.29;Cinza;150;
169;MT;8504;D;23;0;;1.079;1.617;0.29;Cinza (Ledor);156;
169;MT;9173;C;3;0;;1.312;3.255;0.143;Rosa;152;
169;MT;13915;B;16;0;;1.453;0.875;0.19;Amarelo;149;
170;MT;7603;E;19;0;;2.305;1.406;0.305;Cinza;150;
170;MT;7603;E;19;0;;2.305;1.406;0.305;Cinza (Ledor);156;
170;MT;8439;D;15;0;;2.035;1.851;0.256;Azul;151;
170;MT;12105;D;29;0;;1.24;3.242;0.18;Rosa;152;
170;MT;12252;D;29;0;;1.479;0.795;0.195;Amarelo;149;
171;MT;8405;D;25;0;;2.198;0.699;0.158;Amarelo;149;
171;MT;9577;B;10;0;;3.508;1.659;0.175;Azul;151;
171;MT;11010;B;27;0;;1.891;2.719;0.12;Rosa;152;
171;MT;11343;D;12;0;;1.797;1.306;0.12;Cinza;150;
171;MT;11343;D;12;0;;1.797;1.306;0.12;Cinza (Ledor);156;
172;MT;7291;A;19;0;;2.544;1.267;0.269;Cinza;150;
172;MT;7291;A;19;0;;2.544;1.267;0.269;Cinza (Ledor);156;
172;MT;7318;C;17;0;;2.309;2.521;0.16;Rosa;152;
172;MT;7324;D;1;0;;3.324;1.019;0.124;Azul;151;
172;MT;10441;E;27;0;;2.042;3.236;0.108;Amarelo;149;
173;MT;7324;D;1;0;;3.324;1.019;0.124;Cinza;150;
173;MT;7324;D;1;0;;3.324;1.019;0.124;Cinza (Ledor);156;
173;MT;8371;B;21;0;;3.552;2.084;0.228;Rosa;152;
173;MT;9173;C;3;0;;1.312;3.255;0.143;Amarelo;149;
173;MT;13915;B;16;0;;1.453;0.875;0.19;Azul;151;
174;MT;5773;E;21;0;;1.738;1.953;0.123;Rosa;152;
174;MT;12105;D;29;0;;1.24;3.242;0.18;Amarelo;149;
174;MT;12252;D;29;0;;1.479;0.795;0.195;Azul;151;
174;MT;13915;B;16;0;;1.453;0.875;0.19;Cinza;150;
174;MT;13915;B;16;0;;1.453;0.875;0.19;Cinza (Ledor);156;
175;MT;8405;D;25;0;;2.198;0.699;0.158;Azul;151;
175;MT;8439;D;15;0;;2.035;1.851;0.256;Rosa;152;
175;MT;11010;B;27;0;;1.891;2.719;0.12;Amarelo;149;
175;MT;12252;D;29;0;;1.479;0.795;0.195;Cinza;150;
175;MT;12252;D;29;0;;1.479;0.795;0.195;Cinza (Ledor);156;
176;MT;7318;C;17;0;;2.309;2.521;0.16;Amarelo;149;
176;MT;8405;D;25;0;;2.198;0.699;0.158;Cinza;150;
176;MT;8405;D;25;0;;2.198;0.699;0.158;Cinza (Ledor);156;
176;MT;9577;B;10;0;;3.508;1.659;0.175;Rosa;152;
176;MT;10441;E;27;0;;2.042;3.236;0.108;Azul;151;
177;MT;7324;D;1;0;;3.324;1.019;0.124;Rosa;152;
177;MT;8371;B;21;0;;3.552;2.084;0.228;Amarelo;149;
177;MT;9173;C;3;0;;1.312;3.255;0.143;Azul;151;
177;MT;12730;C;1;0;;1.589;0.603;0.137;Cinza;150;
177;MT;12730;C;1;0;;1.589;0.603;0.137;Cinza (Ledor);156;
178;MT;5773;E;21;0;;1.738;1.953;0.123;Amarelo;149;
178;MT;12105;D;29;0;;1.24;3.242;0.18;Azul;151;
178;MT;13915;B;16;0;;1.453;0.875;0.19;Rosa;152;
178;MT;14393;A;25;0;;2.366;0.465;0.114;Cinza;150;
178;MT;14393;A;25;0;;2.366;0.465;0.114;Cinza (Ledor);156;
179;MT;8428;B;26;0;;1.613;0.452;0.124;Cinza;150;
179;MT;8428;B;26;0;;1.613;0.452;0.124;Cinza (Ledor);156;
179;MT;8439;D;15;0;;2.035;1.851;0.256;Amarelo;149;
179;MT;11010;B;27;0;;1.891;2.719;0.12;Azul;151;
179;MT;12252;D;29;0;;1.479;0.795;0.195;Rosa;152;
180;MT;7282;A;16;0;;1.8;-0.418;0.186;Cinza;150;
180;MT;7282;A;16;0;;1.8;-0.418;0.186;Cinza (Ledor);156;
180;MT;7318;C;17;0;;2.309;2.521;0.16;Azul;151;
180;MT;8405;D;25;0;;2.198;0.699;0.158;Rosa;152;
180;MT;9577;B;10;0;;3.508;1.659;0.175;Amarelo;149;
